{
  "ChatGPT 3.5": {
    "1": {
      "2": 0.3925438596491228,
      "3": 0.23903508771929824,
      "4": 0.27850877192982454,
      "5": 0.04824561403508772,
      "1": 0.041666666666666664
    },
    "2": {
      "1": 0.3680851063829787,
      "5": 0.5042553191489362,
      "4": 0.0851063829787234,
      "3": 0.023404255319148935,
      "2": 0.019148936170212766
    },
    "3": {
      "1": 0.5913978494623656,
      "3": 0.1956989247311828,
      "5": 0.15698924731182795,
      "2": 0.02795698924731183,
      "4": 0.02795698924731183
    },
    "4": {
      "1": 0.0066518847006651885,
      "2": 0.2261640798226164,
      "4": 0.5476718403547672,
      "5": 0.1973392461197339,
      "3": 0.022172949002217297
    },
    "5": {
      "1": 0.13449023861171366,
      "2": 0.5249457700650759,
      "4": 0.3318872017353579,
      "3": 0.008676789587852495
    },
    "6": {
      "1": 0.13129102844638948,
      "2": 0.36980306345733044,
      "4": 0.19037199124726478,
      "5": 0.2800875273522976,
      "3": 0.028446389496717725
    },
    "7": {
      "1": 0.2980561555075594,
      "2": 0.22462203023758098,
      "3": 0.15334773218142547,
      "4": 0.16846652267818574,
      "5": 0.15550755939524838
    },
    "8": {
      "1": 0.5128755364806867,
      "5": 0.1459227467811159,
      "3": 0.06652360515021459,
      "4": 0.2703862660944206,
      "2": 0.004291845493562232
    },
    "9": {
      "3": 0.27896995708154504,
      "2": 0.13090128755364808,
      "4": 0.3927038626609442,
      "5": 0.15021459227467812,
      "1": 0.04721030042918455
    },
    "10": {
      "4": 0.681917211328976,
      "5": 0.2766884531590414,
      "1": 0.010893246187363835,
      "2": 0.030501089324618737
    }
  },
  "ChatGPT 4.1": {
    "1": {
      "2": 0.9665809768637532,
      "4": 0.017994858611825194,
      "5": 0.012853470437017995,
      "1": 0.002570694087403599
    },
    "2": {
      "1": 0.3508771929824561,
      "3": 0.2149122807017544,
      "4": 0.1425438596491228,
      "5": 0.2543859649122807,
      "2": 0.03728070175438596
    },
    "3": {
      "1": 0.8584686774941995,
      "3": 0.025522041763341066,
      "2": 0.004640371229698376,
      "5": 0.11136890951276102
    },
    "4": {
      "4": 0.19955156950672645,
      "2": 0.3475336322869955,
      "5": 0.3789237668161435,
      "3": 0.006726457399103139,
      "1": 0.06726457399103139
    },
    "5": {
      "1": 0.19027484143763213,
      "2": 0.39112050739957716,
      "4": 0.4186046511627907
    },
    "6": {
      "1": 0.0851581508515815,
      "5": 0.19708029197080293,
      "2": 0.5912408759124088,
      "3": 0.04866180048661801,
      "4": 0.07785888077858881
    },
    "7": {
      "1": 0.4197080291970803,
      "4": 0.0948905109489051,
      "2": 0.30656934306569344,
      "3": 0.11678832116788321,
      "5": 0.06204379562043796
    },
    "8": {
      "1": 0.43466666666666665,
      "2": 0.19466666666666665,
      "4": 0.21066666666666667,
      "3": 0.14666666666666667,
      "5": 0.013333333333333334
    },
    "9": {
      "2": 0.13784461152882205,
      "4": 0.042606516290726815,
      "5": 0.45864661654135336,
      "3": 0.3433583959899749,
      "1": 0.017543859649122806
    },
    "10": {
      "2": 0.5557986870897156,
      "3": 0.13347921225382933,
      "5": 0.20568927789934355,
      "1": 0.019693654266958426,
      "4": 0.08533916849015317
    }
  },
  "Claude": {
    "1": {
      "4": 0.126,
      "2": 0.854,
      "3": 0.018,
      "5": 0.002
    },
    "2": {
      "1": 0.352,
      "3": 0.22,
      "5": 0.316,
      "2": 0.08,
      "4": 0.032
    },
    "3": {
      "1": 0.73,
      "5": 0.206,
      "2": 0.036,
      "3": 0.024,
      "4": 0.004
    },
    "4": {
      "4": 0.41,
      "2": 0.452,
      "5": 0.128,
      "3": 0.002,
      "1": 0.008
    },
    "5": {
      "1": 0.442,
      "2": 0.07,
      "4": 0.488
    },
    "6": {
      "2": 0.63,
      "4": 0.232,
      "1": 0.068,
      "5": 0.066,
      "3": 0.004
    },
    "7": {
      "1": 0.208,
      "4": 0.54,
      "3": 0.062,
      "5": 0.034,
      "2": 0.156
    },
    "8": {
      "1": 0.186,
      "2": 0.26,
      "3": 0.206,
      "4": 0.126,
      "5": 0.222
    },
    "9": {
      "5": 0.758,
      "2": 0.08,
      "3": 0.162
    },
    "10": {
      "2": 0.788,
      "1": 0.05,
      "4": 0.01,
      "5": 0.102,
      "3": 0.05
    }
  },
  "Gemini": {
    "1": {
      "2": 0.9118236472945892,
      "4": 0.08817635270541083
    },
    "2": {
      "2": 0.3843058350100604,
      "4": 0.3420523138832998,
      "5": 0.06639839034205232,
      "1": 0.19517102615694165,
      "3": 0.012072434607645875
    },
    "3": {
      "1": 0.6178861788617886,
      "2": 0.024390243902439025,
      "5": 0.32723577235772355,
      "3": 0.024390243902439025,
      "4": 0.006097560975609756
    },
    "4": {
      "2": 0.366,
      "4": 0.172,
      "5": 0.334,
      "3": 0.128
    },
    "5": {
      "2": 0.3786008230452675,
      "1": 0.41358024691358025,
      "4": 0.20781893004115226
    },
    "6": {
      "2": 0.5856236786469344,
      "3": 0.10359408033826638,
      "5": 0.20507399577167018,
      "4": 0.10359408033826638,
      "1": 0.0021141649048625794
    },
    "7": {
      "1": 0.29,
      "3": 0.114,
      "4": 0.428,
      "5": 0.028,
      "2": 0.14
    },
    "8": {
      "1": 0.43286573146292584,
      "2": 0.10420841683366733,
      "5": 0.18837675350701402,
      "3": 0.12625250501002003,
      "4": 0.14829659318637275
    },
    "9": {
      "2": 0.11244979919678715,
      "3": 0.15461847389558234,
      "5": 0.6325301204819277,
      "4": 0.10040160642570281
    },
    "10": {
      "2": 0.69,
      "3": 0.068,
      "5": 0.064,
      "4": 0.178
    }
  },
  "DeepSeek": {
    "1": {
      "2": 0.57,
      "4": 0.354,
      "3": 0.052,
      "5": 0.024
    },
    "2": {
      "1": 0.48697394789579157,
      "3": 0.04809619238476954,
      "2": 0.14228456913827656,
      "5": 0.3186372745490982,
      "4": 0.004008016032064128
    },
    "3": {
      "1": 0.8817635270541082,
      "4": 0.008016032064128256,
      "5": 0.10821643286573146,
      "3": 0.002004008016032064
    },
    "4": {
      "2": 0.3983739837398374,
      "3": 0.1443089430894309,
      "4": 0.18089430894308944,
      "5": 0.2703252032520325,
      "1": 0.006097560975609756
    },
    "5": {
      "2": 0.154,
      "4": 0.566,
      "1": 0.28
    },
    "6": {
      "1": 0.17034068136272545,
      "2": 0.3486973947895792,
      "3": 0.08216432865731463,
      "4": 0.20440881763527055,
      "5": 0.19438877755511022
    },
    "7": {
      "1": 0.35,
      "3": 0.214,
      "4": 0.164,
      "2": 0.27,
      "5": 0.002
    },
    "8": {
      "1": 0.7655310621242485,
      "2": 0.07214428857715431,
      "4": 0.15831663326653306,
      "3": 0.002004008016032064,
      "5": 0.002004008016032064
    },
    "9": {
      "1": 0.018036072144288578,
      "3": 0.2925851703406814,
      "4": 0.1402805611222445,
      "5": 0.312625250501002,
      "2": 0.23647294589178355
    },
    "10": {
      "2": 0.6533066132264529,
      "5": 0.18036072144288579,
      "1": 0.06012024048096192,
      "4": 0.03006012024048096,
      "3": 0.07615230460921844
    }
  },
  "Qwen (32B)": {
    "1": {
      "2": 0.643312101910828,
      "4": 0.346072186836518,
      "5": 0.010615711252653927
    },
    "2": {
      "5": 0.408675799086758,
      "2": 0.04794520547945205,
      "3": 0.1735159817351598,
      "1": 0.3378995433789954,
      "4": 0.0319634703196347
    },
    "3": {
      "1": 0.759009009009009,
      "5": 0.22747747747747749,
      "3": 0.006756756756756757,
      "4": 0.0045045045045045045,
      "2": 0.0022522522522522522
    },
    "4": {
      "5": 0.6042654028436019,
      "2": 0.2772511848341232,
      "3": 0.07109004739336493,
      "4": 0.04739336492890995
    },
    "5": {
      "2": 0.596551724137931,
      "4": 0.1896551724137931,
      "1": 0.21379310344827587
    },
    "6": {
      "2": 0.5158924205378973,