{
  "ChatGPT 3.5": {
    "1": {
      "2": 0.3925438596491228,
      "3": 0.23903508771929824,
      "4": 0.27850877192982454,
      "5": 0.04824561403508772,
      "1": 0.041666666666666664
    },
    "2": {
      "1": 0.3680851063829787,
      "5": 0.5042553191489362,
      "4": 0.0851063829787234,
      "3": 0.023404255319148935,
      "2": 0.019148936170212766
    },
    "3": {
      "1": 0.5913978494623656,
      "3": 0.1956989247311828,
      "5": 0.15698924731182795,
      "2": 0.02795698924731183,
      "4": 0.02795698924731183
    },
    "4": {
      "1": 0.0066518847006651885,
      "2": 0.2261640798226164,
      "4": 0.5476718403547672,
      "5": 0.1973392461197339,
      "3": 0.022172949002217297
    },
    "5": {
      "1": 0.13449023861171366,
      "2": 0.5249457700650759,
      "4": 0.3318872017353579,
      "3": 0.008676789587852495
    },
    "6": {
      "1": 0.13129102844638948,
      "2": 0.36980306345733044,
      "4": 0.19037199124726478,
      "5": 0.2800875273522976,
      "3": 0.028446389496717725
    },
    "7": {
      "1": 0.2980561555075594,
      "2": 0.22462203023758098,
      "3": 0.15334773218142547,
      "4": 0.16846652267818574,
      "5": 0.15550755939524838
    },
    "8": {
      "1": 0.5128755364806867,
      "5": 0.1459227467811159,
      "3": 0.06652360515021459,
      "4": 0.2703862660944206,
      "2": 0.004291845493562232
    },
    "9": {
      "3": 0.27896995708154504,
      "2": 0.13090128755364808,
      "4": 0.3927038626609442,
      "5": 0.15021459227467812,
      "1": 0.04721030042918455
    },
    "10": {
      "4": 0.681917211328976,
      "5": 0.2766884531590414,
      "1": 0.010893246187363835,
      "2": 0.030501089324618737
    }
  },
  "ChatGPT 4.1": {
    "1": {
      "2": 0.08211143695014662,
      "1": 0.7214076246334311,
      "5": 0.18475073313782991,
      "3": 0.008797653958944282,
      "4": 0.002932551319648094
    },
    "2": {
      "1": 0.3508771929824561,
      "3": 0.2149122807017544,
      "4": 0.1425438596491228,
      "5": 0.2543859649122807,
      "2": 0.03728070175438596
    },
    "3": {
      "1": 0.5270935960591133,
      "3": 0.22660098522167488,
      "2": 0.05172413793103448,
      "4": 0.16748768472906403,
      "5": 0.027093596059113302
    },
    "4": {
      "2": 0.22139303482587064,
      "4": 0.23383084577114427,
      "1": 0.15920398009950248,
      "5": 0.3756218905472637,
      "3": 0.009950248756218905
    },
    "5": {
      "1": 0.19027484143763213,
      "2": 0.39112050739957716,
      "4": 0.4186046511627907
    },
    "6": {
      "1": 0.0851581508515815,
      "5": 0.19708029197080293,
      "2": 0.5912408759124088,
      "3": 0.04866180048661801,
      "4": 0.07785888077858881
    },
    "7": {
      "1": 0.4197080291970803,
      "4": 0.0948905109489051,
      "2": 0.30656934306569344,
      "3": 0.11678832116788321,
      "5": 0.06204379562043796
    },
    "8": {
      "1": 0.43466666666666665,
      "2": 0.19466666666666665,
      "4": 0.21066666666666667,
      "3": 0.14666666666666667,
      "5": 0.013333333333333334
    },
    "9": {
      "3": 0.3223350253807107,
      "5": 0.39593908629441626,
      "1": 0.09137055837563451,
      "2": 0.14213197969543148,
      "4": 0.048223350253807105
    },
    "10": {
      "2": 0.5557986870897156,
      "3": 0.13347921225382933,
      "5": 0.20568927789934355,
      "1": 0.019693654266958426,
      "4": 0.08533916849015317
    }
  },
  "Gemini": {
    "1": {
      "2": 0.06288032454361055,
      "1": 0.742393509127789,
      "3": 0.1075050709939148,
      "5": 0.0872210953346856
    },
    "2": {
      "2": 0.3843058350100604,
      "4": 0.3420523138832998,
      "5": 0.06639839034205232,
      "1": 0.19517102615694165,
      "3": 0.012072434607645875
    },
    "3": {
      "1": 0.24897959183673468,
      "2": 0.15306122448979592,
      "3": 0.38571428571428573,
      "4": 0.17551020408163265,
      "5": 0.036734693877551024
    },
    "4": {
      "2": 0.31643002028397565,
      "4": 0.16835699797160245,
      "5": 0.35699797160243407,
      "1": 0.11967545638945233,
      "3": 0.038539553752535496
    },
    "5": {
      "2": 0.3786008230452675,
      "1": 0.41358024691358025,
      "4": 0.20781893004115226
    },
    "6": {
      "2": 0.5856236786469344,
      "3": 0.10359408033826638,
      "5": 0.20507399577167018,
      "4": 0.10359408033826638,
      "1": 0.0021141649048625794
    },
    "7": {
      "1": 0.29,
      "3": 0.114,
      "4": 0.428,
      "5": 0.028,
      "2": 0.14
    },
    "8": {
      "1": 0.43286573146292584,
      "2": 0.10420841683366733,
      "5": 0.18837675350701402,
      "3": 0.12625250501002003,
      "4": 0.14829659318637275
    },
    "9": {
      "2": 0.222,
      "3": 0.098,
      "5": 0.596,
      "4": 0.084
    },
    "10": {
      "2": 0.69,
      "3": 0.068,
      "5": 0.064,
      "4": 0.178
    }
  },
  "Claude": {
    "1": {
      "2": 0.212,
      "1": 0.386,
      "3": 0.182,
      "5": 0.214,
      "4": 0.006
    },
    "2": {
      "1": 0.352,
      "3": 0.22,
      "5": 0.316,
      "2": 0.08,
      "4": 0.032
    },
    "3": {
      "1": 0.276,
      "3": 0.224,
      "2": 0.308,
      "5": 0.098,
      "4": 0.094
    },
    "4": {
      "4": 0.4228456913827655,
      "2": 0.48096192384769537,
      "1": 0.0781563126252505,
      "5": 0.014028056112224449,
      "3": 0.004008016032064128
    },
    "5": {
      "1": 0.442,
      "2": 0.07,
      "4": 0.488
    },
    "6": {
      "2": 0.63,
      "4": 0.232,
      "1": 0.068,
      "5": 0.066,
      "3": 0.004
    },
    "7": {
      "1": 0.208,
      "4": 0.54,
      "3": 0.062,
      "5": 0.034,
      "2": 0.156
    },
    "8": {
      "1": 0.186,
      "2": 0.26,
      "3": 0.206,
      "4": 0.126,
      "5": 0.222
    },
    "9": {
      "5": 0.742,
      "2": 0.084,
      "3": 0.146,
      "4": 0.016,
      "1": 0.012
    },
    "10": {
      "2": 0.788,
      "1": 0.05,
      "4": 0.01,
      "5": 0.102,
      "3": 0.05
    }
  },
  "DeepSeek": {
    "1": {
      "2": 0.198,
      "1": 0.204,
      "3": 0.222,
      "5": 0.374,
      "4": 0.002
    },
    "2": {
      "1": 0.48697394789579157,
      "3": 0.04809619238476954,
      "2": 0.14228456913827656,
      "5": 0.3186372745490982,
      "4": 0.004008016032064128
    },
    "3": {
      "1": 0.25903614457831325,
      "2": 0.1686746987951807,
      "3": 0.3333333333333333,
      "4": 0.1566265060240964,
      "5": 0.0823293172690763
    },
    "4": {
      "1": 0.196,
      "4": 0.062,
      "5": 0.406,
      "2": 0.206,
      "3": 0.13
    },
    "5": {
      "2": 0.154,
      "4": 0.566,
      "1": 0.28
    },
    "6": {
      "1": 0.17034068136272545,
      "2": 0.3486973947895792,
      "3": 0.08216432865731463,
      "4": 0.20440881763527055,
      "5": 0.19438877755511022
    },
    "7": {
      "1": 0.35,
      "3": 0.214,
      "4": 0.164,
      "2": 0.27,
      "5": 0.002
    },
    "8": {
      "1": 0.7655310621242485,
      "2": 0.07214428857715431,
      "4": 0.15831663326653306,
      "3": 0.002004008016032064,
      "5": 0.002004008016032064
    },
    "9": {
      "2": 0.308,
      "3": 0.29,
      "4": 0.122,
      "5": 0.192,
      "1": 0.088
    },
    "10": {
      "2": 0.6533066132264529,
      "5": 0.18036072144288579,
      "1": 0.06012024048096192,
      "4": 0.03006012024048096,
      "3": 0.07615230460921844
    }
  },
  "Qwen": {
    "1": {
      "2": 0.025806451612903226,
      "1": 0.535483870967742,
      "5": 0.1870967741935484,
      "3": 0.24301075268817204,
      "4": 0.008602150537634409
    },
    "2": {
      "4": 0.4732334047109208,
      "3": 0.15203426124197003,
      "5": 0.15845824411134904,
      "1": 0.2012847965738758,
      "2": 0.014989293361884369
    },
    "3": {
      "1": 0.2975708502024291,
      "4": 0.23076923076923078,
      "3": 0.19433198380566802,
      "5": 0.22874493927125505,
      "2": 0.048582995951417005
    },
    "4": {
      "4": 0.33760683760683763,