{
  "b2w": {
    "2": {
      "1": {
        "api_tv": 0.012953367875647687,
        "pos_tv": 0.42227979274611394
      },
      "2": {
        "api_tv": 0.023076923076923078,
        "pos_tv": 0.43333333333333335
      },
      "3": {
        "api_tv": 0.002590673575129543,
        "pos_tv": 0.4430051813471503
      }
    },
    "3": {
      "1": {
        "api_tv": 0.11979166666666666,
        "pos_tv": 0.21354166666666666
      },
      "2": {
        "api_tv": 0.12763320941759604,
        "pos_tv": 0.2094175960346964
      },
      "3": {
        "api_tv": 0.13974358974358972,
        "pos_tv": 0.23589743589743586
      }
    },
    "4": {
      "1": {
        "api_tv": 0.28406169665809766,
        "pos_tv": 0.16323907455012854
      },
      "2": {
        "api_tv": 0.2892030848329049,
        "pos_tv": 0.19987146529562982
      },
      "3": {
        "api_tv": 0.27486910994764396,
        "pos_tv": 0.19764397905759162
      }
    }
  },
  "w2b": {
    "2": {
      "1": {
        "api_tv": 0.14795918367346939,
        "pos_tv": 0.3214285714285714
      },
      "2": {
        "api_tv": 0.12564102564102564,
        "pos_tv": 0.3153846153846154
      },
      "3": {
        "api_tv": 0.11025641025641028,
        "pos_tv": 0.3358974358974359
      }
    },
    "3": {
      "1": {
        "api_tv": 0.2420091324200913,
        "pos_tv": 0.1461187214611872
      },
      "2": {
        "api_tv": 0.20962199312714774,
        "pos_tv": 0.17525773195876285
      },
      "3": {
        "api_tv": 0.24358974358974356,
        "pos_tv": 0.18065268065268061
      }
    },
    "4": {
      "1": {
        "api_tv": 0.10828877005347592,
        "pos_tv": 0.4157754010695187
      },
      "2": {
        "api_tv": 0.13281250000000003,
        "pos_tv": 0.42708333333333337
      },
      "3": {
        "api_tv": 0.11718749999999997,
        "pos_tv": 0.40364583333333337
      }
    }
  },
  "random": {
    "2": {
      "1": {
        "api_tv": 0.3418079096045198,
        "pos_tv": 0.0028248587570621486
      },
      "2": {
        "api_tv": 0.04301075268817203,
        "pos_tv": 0.25268817204301075
      },
      "3": {
        "api_tv": 0.3294117647058824,
        "pos_tv": 0.02941176470588236
      }
    },
    "3": {
      "1": {
        "api_tv": 0.05632183908045976,
        "pos_tv": 0.2908045977011494
      },
      "2": {
        "api_tv": 0.0859106529209622,
        "pos_tv": 0.2920962199312715
      },
      "3": {
        "api_tv": 0.15065243179122179,
        "pos_tv": 0.33926453143534996
      }
    },
    "4": {
      "1": {
        "api_tv": 0.3307291666666667,
        "pos_tv": 0.04427083333333333
      },
      "2": {
        "api_tv": 0.3,
        "pos_tv": 0.21933333333333332
      },
      "3": {
        "api_tv": 0.10209424083769632,
        "pos_tv": 0.36256544502617805
      }
    },
    "5": {
      "1": {
        "api_tv": 0.20504201680672274,
        "pos_tv": 0.24285714285714288
      },
      "2": {
        "api_tv": 0.18870292887029286,
        "pos_tv": 0.28200836820083686
      },
      "3": {
        "api_tv": 0.19243697478991595,
        "pos_tv": 0.27647058823529413
      }
    }
  }
}